GROUP,PACKAGE,CLASS,INSTRUCTION_MISSED,INSTRUCTION_COVERED,BRANCH_MISSED,BRANCH_COVERED,LINE_MISSED,LINE_COVERED,COMPLEXITY_MISSED,COMPLEXITY_COVERED,METHOD_MISSED,METHOD_COVERED
ims,com.qa.ims.exceptions,CustomerNotFoundException,3,0,0,0,1,0,1,0,1,0
ims,com.qa.ims.controller,ItemController,0,138,0,4,0,34,0,10,0,8
ims,com.qa.ims.controller,CustomerController,0,109,0,2,0,29,0,7,0,6
ims,com.qa.ims.controller,Action,119,0,4,0,19,0,7,0,5,0
ims,com.qa.ims.controller,OrderController,19,470,5,40,4,120,5,31,0,13
ims,com.qa.ims,IMS,147,0,17,0,46,0,18,0,6,0
ims,com.qa.ims,Runner,16,0,0,0,6,0,3,0,3,0
ims,com.qa.ims.persistence.dao,CustomerDAO,0,263,0,2,0,67,0,10,0,9
ims,com.qa.ims.persistence.dao,OrderDAO,10,336,2,14,4,97,2,15,0,9
ims,com.qa.ims.persistence.dao,ItemDAO,0,225,1,3,0,72,1,10,0,9
ims,com.qa.ims.persistence.domain,Item.ItemBuilder,22,28,0,0,0,1,1,5,1,5
ims,com.qa.ims.persistence.domain,Customer.CustomerBuilder,22,28,0,0,0,1,1,5,1,5
ims,com.qa.ims.persistence.domain,Order.OrderBuilder,30,30,1,1,0,1,3,4,2,4
ims,com.qa.ims.persistence.domain,Order,67,217,19,17,1,26,15,21,1,17
ims,com.qa.ims.persistence.domain,Domain,105,0,2,0,17,0,6,0,5,0
ims,com.qa.ims.persistence.domain,Item,6,177,1,29,0,8,2,26,1,12
ims,com.qa.ims.persistence.domain,Customer,4,176,0,30,0,40,1,26,1,11
ims,com.qa.ims.utils,DBUtils,19,169,1,3,7,36,2,12,1,11
ims,com.qa.ims.utils,Utils,79,3,6,0,34,1,9,1,6,1
